KanbanID,Part No.,Part ID,Create_date
027220,X1700B024V,024,29/09/2021 9:52
1833425,X1700B186V,186,29/09/2021 9:52
1833426,X1700B186V,186,29/09/2021 9:52
1833427,X1700B186V,186,29/09/2021 9:52
1833428,X1700B186V,186,29/09/2021 9:52
1833429,X1700B186V,186,29/09/2021 9:52
1833430,X1700B186V,186,29/09/2021 9:52
1833431,X1700B186V,186,29/09/2021 9:52
1833432,X1700B186V,186,29/09/2021 9:52
1833433,X1700B186V,186,29/09/2021 9:52
1833434,X1700B186V,186,29/09/2021 9:52
1833435,X1700B186V,186,29/09/2021 9:52
1833436,X1700B186V,186,29/09/2021 9:52
1834155,X1700B143V,143,29/09/2021 9:52
1834161,X1700B143V,143,29/09/2021 9:52
1834162,X1700B143V,143,29/09/2021 9:52
1834163,X1700B143V,143,29/09/2021 9:52
1834165,X1700B143V,143,29/09/2021 9:52
1834166,X1700B143V,143,29/09/2021 9:52
1834167,X1700B143V,143,29/09/2021 9:52
1834168,X1700B143V,143,29/09/2021 9:52
1834169,X1700B143V,143,29/09/2021 9:52
1834170,X1700B143V,143,29/09/2021 9:52
1834171,X1700B143V,143,29/09/2021 9:52
1834172,X1700B143V,143,29/09/2021 9:52
1834173,X1700B143V,143,29/09/2021 9:52
1834174,X1700B143V,143,29/09/2021 9:52
3132903,X1700B024V,024,29/09/2021 9:52
3132904,X1700B024V,024,29/09/2021 9:52
3132905,X1700B024V,024,29/09/2021 9:52
3745267,XX1700B500,500,29/09/2021 9:52
3745268,XX1700B500,500,29/09/2021 9:52
3745269,XX1700B500,500,29/09/2021 9:52
3745270,XX1700B500,500,29/09/2021 9:52
3745271,XX1700B500,500,29/09/2021 9:52
3745272,XX1700B500,500,29/09/2021 9:52
3745273,XX1700B500,500,29/09/2021 9:52
3745274,XX1700B500,500,29/09/2021 9:52
3745275,XX1700B500,500,29/09/2021 9:52
3745276,XX1700B500,500,29/09/2021 9:52
3745277,XX1700B500,500,29/09/2021 9:52
3745278,XX1700B500,500,29/09/2021 9:52
3745279,XX1700B500,500,29/09/2021 9:52
3745280,XX1700B500,500,29/09/2021 9:52
3745281,XX1700B500,500,29/09/2021 9:52
3745282,XX1700B500,500,29/09/2021 9:52
3745283,XX1700B500,500,29/09/2021 9:52
3745284,XX1700B500,500,29/09/2021 9:52
3745285,XX1700B500,500,29/09/2021 9:52
3745286,XX1700B500,500,29/09/2021 9:52
3745287,XX1700B500,500,29/09/2021 9:52
3745288,XX1700B500,500,29/09/2021 9:52
3745289,XX1700B500,500,29/09/2021 9:52
3745290,XX1700B500,500,29/09/2021 9:52
3745291,XX1700B500,500,29/09/2021 9:52
3745292,XX1700B500,500,29/09/2021 9:52
3745293,XX1700B500,500,29/09/2021 9:52
3745294,XX1700B500,500,29/09/2021 9:52
3745295,XX1700B500,500,29/09/2021 9:52
3745296,XX1700B500,500,29/09/2021 9:52
3745297,XX1700B500,500,29/09/2021 9:52
3745298,XX1700B500,500,29/09/2021 9:52
3745299,XX1700B500,500,29/09/2021 9:52
3745300,XX1700B500,500,29/09/2021 9:52
3745301,XX1700B500,500,29/09/2021 9:52
3745302,XX1700B500,500,29/09/2021 9:52
3745303,XX1700B500,500,29/09/2021 9:52
3745304,XX1700B500,500,29/09/2021 9:52
3745305,XX1700B500,500,29/09/2021 9:52
3745306,XX1700B500,500,29/09/2021 9:52
3745307,XX1700B500,500,29/09/2021 9:52
3745308,XX1700B500,500,29/09/2021 9:52
3745309,XX1700B500,500,29/09/2021 9:52
3745310,XX1700B500,500,29/09/2021 9:52
3745311,XX1700B500,500,29/09/2021 9:52
3745312,XX1700B500,500,29/09/2021 9:52
3745313,XX1700B500,500,29/09/2021 9:52
3745314,XX1700B500,500,29/09/2021 9:52
3745315,XX1700B500,500,29/09/2021 9:52
3745316,XX1700B500,500,29/09/2021 9:52
3745317,XX1700B500,500,29/09/2021 9:52
3745318,XX1700B500,500,29/09/2021 9:52
3745319,XX1700B500,500,29/09/2021 9:52
3745320,XX1700B500,500,29/09/2021 9:52
3745321,XX1700B500,500,29/09/2021 9:52
3745322,XX1700B500,500,29/09/2021 9:52
3745323,XX1700B500,500,29/09/2021 9:52
3745324,XX1700B500,500,29/09/2021 9:52
3745325,XX1700B500,500,29/09/2021 9:52
3745326,XX1700B500,500,29/09/2021 9:52
3745327,XX1700B500,500,29/09/2021 9:52
3745328,XX1700B500,500,29/09/2021 9:52
3745329,XX1700B500,500,29/09/2021 9:52
3745330,XX1700B500,500,29/09/2021 9:52
3745331,XX1700B500,500,29/09/2021 9:52
3745332,XX1700B500,500,29/09/2021 9:52
3745333,XX1700B500,500,29/09/2021 9:52
3745334,XX1700B500,500,29/09/2021 9:52
3745335,XX1700B500,500,29/09/2021 9:52
3745336,XX1700B500,500,29/09/2021 9:52
3745337,XX1700B500,500,29/09/2021 9:52
3745338,XX1700B500,500,29/09/2021 9:52
3745339,XX1700B500,500,29/09/2021 9:52
3745340,XX1700B500,500,29/09/2021 9:52
3745341,XX1700B500,500,29/09/2021 9:52
3745342,XX1700B494,494,29/09/2021 9:52
3745343,XX1700B494,494,29/09/2021 9:52
3745344,XX1700B494,494,29/09/2021 9:52
3745345,XX1700B494,494,29/09/2021 9:52
3745346,XX1700B494,494,29/09/2021 9:52
3745347,XX1700B494,494,29/09/2021 9:52
3745348,XX1700B494,494,29/09/2021 9:52
3745349,XX1700B494,494,29/09/2021 9:52
3745350,XX1700B494,494,29/09/2021 9:52
3745351,XX1700B494,494,29/09/2021 9:52
3745352,XX1700B494,494,29/09/2021 9:52
3745353,XX1700B494,494,29/09/2021 9:52
3745354,XX1700B494,494,29/09/2021 9:52
3745355,XX1700B494,494,29/09/2021 9:52
3745356,XX1700B494,494,29/09/2021 9:52
3745357,XX1700B494,494,29/09/2021 9:52
3745358,XX1700B494,494,29/09/2021 9:52
3745359,XX1700B494,494,29/09/2021 9:52
3745360,XX1700B494,494,29/09/2021 9:52
3745361,XX1700B494,494,29/09/2021 9:52
3745362,XX1700B494,494,29/09/2021 9:52
3745363,XX1700B488,488,29/09/2021 9:52
3745364,XX1700B488,488,29/09/2021 9:52
3745365,XX1700B488,488,29/09/2021 9:52
3745366,XX1700B488,488,29/09/2021 9:52
3745367,XX1700B488,488,29/09/2021 9:52
3745368,XX1700B488,488,29/09/2021 9:52
3745369,XX1700B488,488,29/09/2021 9:52
3745370,XX1700B488,488,29/09/2021 9:52
3745371,XX1700B488,488,29/09/2021 9:52
3745372,XX1700B488,488,29/09/2021 9:52
3745373,XX1700B488,488,29/09/2021 9:52
3745374,XX1700B488,488,29/09/2021 9:52
3745375,XX1700B496,496,29/09/2021 9:52
3745376,XX1700B496,496,29/09/2021 9:52
3745377,XX1700B496,496,29/09/2021 9:52
3745378,XX1700B496,496,29/09/2021 9:52
3745379,XX1700B496,496,29/09/2021 9:52
3745380,XX1700B496,496,29/09/2021 9:52
3745381,XX1700B496,496,29/09/2021 9:52
3745382,XX1700B496,496,29/09/2021 9:52
3745383,XX1700B496,496,29/09/2021 9:52
3745384,XX1700B496,496,29/09/2021 9:52
3745385,XX1700B496,496,29/09/2021 9:52
3745386,XX1700B496,496,29/09/2021 9:52
3745387,XX1700B496,496,29/09/2021 9:52
3745388,XX1700B496,496,29/09/2021 9:52
3745389,XX1700B496,496,29/09/2021 9:52
3745390,XX1700B496,496,29/09/2021 9:52
3745391,XX1700B496,496,29/09/2021 9:52
3745392,XX1700B496,496,29/09/2021 9:52
3745393,XX1700B496,496,29/09/2021 9:52
3745394,XX1700B496,496,29/09/2021 9:52
3745395,XX1700B496,496,29/09/2021 9:52
3745396,XX1700B490,490,29/09/2021 9:52
3745397,XX1700B490,490,29/09/2021 9:52
3745398,XX1700B490,490,29/09/2021 9:52
3745399,XX1700B490,490,29/09/2021 9:52
3745400,XX1700B490,490,29/09/2021 9:52
3745401,XX1700B490,490,29/09/2021 9:52
3745402,XX1700B490,490,29/09/2021 9:52
3745403,XX1700B490,490,29/09/2021 9:52
3745404,XX1700B490,490,29/09/2021 9:52
3745405,XX1700B490,490,29/09/2021 9:52
3745406,XX1700B490,490,29/09/2021 9:52
3745407,XX1700B490,490,29/09/2021 9:52
3745408,XX1700B490,490,29/09/2021 9:52
3745409,XX1700B490,490,29/09/2021 9:52
3745410,XX1700B490,490,29/09/2021 9:52
3745411,XX1700B490,490,29/09/2021 9:52
3745412,XX1700B490,490,29/09/2021 9:52
3745413,XX1700B490,490,29/09/2021 9:52
3745414,XX1700B490,490,29/09/2021 9:52
3745415,XX1700B490,490,29/09/2021 9:52
3745416,XX1700B490,490,29/09/2021 9:52
3745417,XX1700B490,490,29/09/2021 9:52
3745418,XX1700B490,490,29/09/2021 9:52
3745419,XX1700B490,490,29/09/2021 9:52
3745420,XX1700B490,490,29/09/2021 9:52
3745421,XX1700B490,490,29/09/2021 9:52
3745422,XX1700B490,490,29/09/2021 9:52
3745423,XX1700B490,490,29/09/2021 9:52
3745424,XX1700B490,490,29/09/2021 9:52
3745425,XX1700B490,490,29/09/2021 9:52
3745426,XX1700B502,502,29/09/2021 9:52
3745427,XX1700B502,502,29/09/2021 9:52
3745428,XX1700B502,502,29/09/2021 9:52
3745429,XX1700B502,502,29/09/2021 9:52
3745430,XX1700B502,502,29/09/2021 9:52
3745431,XX1700B502,502,29/09/2021 9:52
3745432,XX1700B502,502,29/09/2021 9:52
3745433,XX1700B502,502,29/09/2021 9:52
3745434,XX1700B502,502,29/09/2021 9:52
3745435,XX1700B502,502,29/09/2021 9:52
3745436,XX1700B502,502,29/09/2021 9:52
3745437,XX1700B502,502,29/09/2021 9:52
3745438,XX1700B504,504,29/09/2021 9:52
3745439,XX1700B504,504,29/09/2021 9:52
3745440,XX1700B504,504,29/09/2021 9:52
3745441,XX1700B504,504,29/09/2021 9:52
3745447,XX1700B504,504,29/09/2021 9:52
3745448,XX1700B504,504,29/09/2021 9:52
4008297,XX1700B500,500,29/09/2021 9:52
4008298,XX1700B500,500,29/09/2021 9:52
4008299,XX1700B500,500,29/09/2021 9:52
4008300,XX1700B500,500,29/09/2021 9:52
4008301,XX1700B500,500,29/09/2021 9:52
4008302,XX1700B500,500,29/09/2021 9:52
4008303,XX1700B500,500,29/09/2021 9:52
4008304,XX1700B500,500,29/09/2021 9:52
4008305,XX1700B500,500,29/09/2021 9:52
4008306,XX1700B500,500,29/09/2021 9:52
4008307,XX1700B500,500,29/09/2021 9:52
4008308,XX1700B500,500,29/09/2021 9:52
4008309,XX1700B500,500,29/09/2021 9:52
4008310,XX1700B500,500,29/09/2021 9:52
4008311,XX1700B500,500,29/09/2021 9:52
4008312,XX1700B500,500,29/09/2021 9:52
4008313,XX1700B500,500,29/09/2021 9:52
4008314,XX1700B500,500,29/09/2021 9:52
4008315,XX1700B500,500,29/09/2021 9:52
4008316,XX1700B500,500,29/09/2021 9:52
4008317,XX1700B500,500,29/09/2021 9:52
4008318,XX1700B500,500,29/09/2021 9:52
4008319,XX1700B500,500,29/09/2021 9:52
4008320,XX1700B500,500,29/09/2021 9:52
4008321,XX1700B500,500,29/09/2021 9:52
4008322,XX1700B500,500,29/09/2021 9:52
4008323,XX1700B500,500,29/09/2021 9:52
4008324,XX1700B500,500,29/09/2021 9:52
4008325,XX1700B500,500,29/09/2021 9:52
4008326,XX1700B500,500,29/09/2021 9:52
4008327,XX1700B500,500,29/09/2021 9:52
4008328,XX1700B500,500,29/09/2021 9:52
4008329,XX1700B500,500,29/09/2021 9:52
4008330,XX1700B500,500,29/09/2021 9:52
4008331,XX1700B500,500,29/09/2021 9:52
4008332,XX1700B500,500,29/09/2021 9:52
4008333,XX1700B500,500,29/09/2021 9:52
4008334,XX1700B500,500,29/09/2021 9:52
4008335,XX1700B500,500,29/09/2021 9:52
4008336,XX1700B500,500,29/09/2021 9:52
4008337,XX1700B500,500,29/09/2021 9:52
4008338,XX1700B500,500,29/09/2021 9:52
4008339,XX1700B500,500,29/09/2021 9:52
4008340,XX1700B500,500,29/09/2021 9:52
4008341,XX1700B500,500,29/09/2021 9:52
4008342,XX1700B500,500,29/09/2021 9:52
4008343,XX1700B500,500,29/09/2021 9:52
4008344,XX1700B500,500,29/09/2021 9:52
4008345,XX1700B500,500,29/09/2021 9:52
4008346,XX1700B500,500,29/09/2021 9:52
4008347,XX1700B500,500,29/09/2021 9:52
4008348,XX1700B500,500,29/09/2021 9:52
4008349,XX1700B500,500,29/09/2021 9:52
4008350,XX1700B500,500,29/09/2021 9:52
4008351,XX1700B500,500,29/09/2021 9:52
4008352,XX1700B500,500,29/09/2021 9:52
4008353,XX1700B500,500,29/09/2021 9:52
4008354,XX1700B500,500,29/09/2021 9:52
4008355,XX1700B500,500,29/09/2021 9:52
4008356,XX1700B500,500,29/09/2021 9:52
4008357,XX1700B500,500,29/09/2021 9:52
4008358,XX1700B500,500,29/09/2021 9:52
4008359,XX1700B500,500,29/09/2021 9:52
4008360,XX1700B500,500,29/09/2021 9:52
4008361,XX1700B500,500,29/09/2021 9:52
4008362,XX1700B500,500,29/09/2021 9:52
4008363,XX1700B500,500,29/09/2021 9:52
4008364,XX1700B500,500,29/09/2021 9:52
4008365,XX1700B500,500,29/09/2021 9:52
4008366,XX1700B500,500,29/09/2021 9:52
4008367,XX1700B500,500,29/09/2021 9:52
4008368,XX1700B500,500,29/09/2021 9:52
4008369,XX1700B500,500,29/09/2021 9:52
4008370,XX1700B500,500,29/09/2021 9:52
4008371,XX1700B500,500,29/09/2021 9:52
4008372,XX1700B500,500,29/09/2021 9:52
4008373,XX1700B500,500,29/09/2021 9:52
4008374,XX1700B500,500,29/09/2021 9:52
4008375,XX1700B500,500,29/09/2021 9:52
4008376,XX1700B500,500,29/09/2021 9:52
4008377,XX1700B500,500,29/09/2021 9:52
4008378,XX1700B500,500,29/09/2021 9:52
4008379,XX1700B500,500,29/09/2021 9:52
4008380,XX1700B500,500,29/09/2021 9:52
4008381,XX1700B500,500,29/09/2021 9:52
4008382,XX1700B500,500,29/09/2021 9:52
4008383,XX1700B500,500,29/09/2021 9:52
4008384,XX1700B500,500,29/09/2021 9:52
4008385,XX1700B500,500,29/09/2021 9:52
4008386,XX1700B500,500,29/09/2021 9:52
4008387,XX1700B500,500,29/09/2021 9:52
4008388,XX1700B500,500,29/09/2021 9:52
4008389,XX1700B500,500,29/09/2021 9:52
4008390,XX1700B500,500,29/09/2021 9:52
4008391,XX1700B500,500,29/09/2021 9:52
4008392,XX1700B500,500,29/09/2021 9:52
4008393,XX1700B500,500,29/09/2021 9:52
4008394,XX1700B500,500,29/09/2021 9:52
4008395,XX1700B500,500,29/09/2021 9:52
4008396,XX1700B500,500,29/09/2021 9:52
4008397,XX1700B500,500,29/09/2021 9:52
4008398,XX1700B500,500,29/09/2021 9:52
4008399,XX1700B500,500,29/09/2021 9:52
4008400,XX1700B500,500,29/09/2021 9:52
4008401,XX1700B500,500,29/09/2021 9:52
4008402,XX1700B500,500,29/09/2021 9:52
4008403,XX1700B500,500,29/09/2021 9:52
4008404,XX1700B500,500,29/09/2021 9:52
4008405,XX1700B500,500,29/09/2021 9:52
4008406,XX1700B500,500,29/09/2021 9:52
4008407,XX1700B500,500,29/09/2021 9:52
4008408,XX1700B500,500,29/09/2021 9:52
4008409,XX1700B500,500,29/09/2021 9:52
4008410,XX1700B500,500,29/09/2021 9:52
4008411,XX1700B500,500,29/09/2021 9:52
4008412,XX1700B500,500,29/09/2021 9:52
4008413,XX1700B500,500,29/09/2021 9:52
4079536,XX1700B500,500,29/09/2021 9:52
4079537,XX1700B500,500,29/09/2021 9:52
4079538,XX1700B500,500,29/09/2021 9:52
4079589,XX1700B500,500,29/09/2021 9:52
4079590,XX1700B500,500,29/09/2021 9:52
4079591,XX1700B500,500,29/09/2021 9:52
4079592,XX1700B500,500,29/09/2021 9:52
4079593,XX1700B500,500,29/09/2021 9:52
4079594,XX1700B500,500,29/09/2021 9:52
4079595,XX1700B500,500,29/09/2021 9:52
4079596,XX1700B500,500,29/09/2021 9:52
4079597,XX1700B500,500,29/09/2021 9:52
4079598,XX1700B500,500,29/09/2021 9:52
4079599,XX1700B500,500,29/09/2021 9:52
4079600,XX1700B500,500,29/09/2021 9:52
4079601,XX1700B500,500,29/09/2021 9:52
4079602,XX1700B500,500,29/09/2021 9:52
4079603,XX1700B500,500,29/09/2021 9:52
4079604,XX1700B500,500,29/09/2021 9:52
4079605,XX1700B500,500,29/09/2021 9:52
4079606,XX1700B500,500,29/09/2021 9:52
4079607,XX1700B500,500,29/09/2021 9:52
4079608,XX1700B500,500,29/09/2021 9:52
4079609,XX1700B500,500,29/09/2021 9:52
4149477,XX1700B504,504,29/09/2021 9:52
4149478,XX1700B504,504,29/09/2021 9:52
4149479,XX1700B504,504,29/09/2021 9:52
4149480,XX1700B504,504,29/09/2021 9:52
4189306,XX1700B504,504,29/09/2021 9:52
4189307,XX1700B504,504,29/09/2021 9:52
4189308,XX1700B504,504,29/09/2021 9:52
4189309,XX1700B504,504,29/09/2021 9:52
4189310,XX1700B504,504,29/09/2021 9:52
4189311,XX1700B504,504,29/09/2021 9:52
4189312,XX1700B504,504,29/09/2021 9:52
4189313,XX1700B504,504,29/09/2021 9:52
4189314,XX1700B504,504,29/09/2021 9:52
4189315,XX1700B504,504,29/09/2021 9:52
4189316,XX1700B504,504,29/09/2021 9:52
4189317,XX1700B504,504,29/09/2021 9:52
4189318,XX1700B504,504,29/09/2021 9:52
4189319,XX1700B504,504,29/09/2021 9:52
4189320,XX1700B504,504,29/09/2021 9:52
4189321,XX1700B504,504,29/09/2021 9:52
4189322,XX1700B504,504,29/09/2021 9:52
4189323,XX1700B504,504,29/09/2021 9:52
4189324,XX1700B504,504,29/09/2021 9:52
4189325,XX1700B504,504,29/09/2021 9:52
4189326,XX1700B504,504,29/09/2021 9:52
4189327,XX1700B504,504,29/09/2021 9:52
4189328,XX1700B504,504,29/09/2021 9:52
4189329,XX1700B504,504,29/09/2021 9:52
4189330,XX1700B504,504,29/09/2021 9:52
4189331,XX1700B504,504,29/09/2021 9:52
4189332,XX1700B504,504,29/09/2021 9:52
4189333,XX1700B504,504,29/09/2021 9:52
4189334,XX1700B504,504,29/09/2021 9:52
4189335,XX1700B504,504,29/09/2021 9:52
4189336,XX1700B504,504,29/09/2021 9:52
4189337,XX1700B504,504,29/09/2021 9:52
4189338,XX1700B504,504,29/09/2021 9:52
4189339,XX1700B504,504,29/09/2021 9:52
4189340,XX1700B504,504,29/09/2021 9:52
4189341,XX1700B504,504,29/09/2021 9:52
4189342,XX1700B504,504,29/09/2021 9:52
4189343,XX1700B504,504,29/09/2021 9:52
4189344,XX1700B504,504,29/09/2021 9:52
4189345,XX1700B504,504,29/09/2021 9:52
4189346,XX1700B504,504,29/09/2021 9:52
4189347,XX1700B504,504,29/09/2021 9:52
4189348,XX1700B504,504,29/09/2021 9:52
4189349,XX1700B504,504,29/09/2021 9:52
4189350,XX1700B504,504,29/09/2021 9:52
4189351,XX1700B504,504,29/09/2021 9:52
4189352,XX1700B504,504,29/09/2021 9:52
4189353,XX1700B504,504,29/09/2021 9:52
4189354,XX1700B504,504,29/09/2021 9:52
4189355,XX1700B504,504,29/09/2021 9:52
4189356,XX1700B504,504,29/09/2021 9:52
4189357,XX1700B504,504,29/09/2021 9:52
4189358,XX1700B504,504,29/09/2021 9:52
4189359,XX1700B504,504,29/09/2021 9:52
4189360,XX1700B504,504,29/09/2021 9:52
4189361,XX1700B504,504,29/09/2021 9:52
4189362,XX1700B504,504,29/09/2021 9:52
4189363,XX1700B504,504,29/09/2021 9:52
4189364,XX1700B504,504,29/09/2021 9:52
4189365,XX1700B504,504,29/09/2021 9:52
4189366,XX1700B504,504,29/09/2021 9:52
4189367,XX1700B504,504,29/09/2021 9:52
4270659,XX1700B488,488,29/09/2021 9:52
4270660,XX1700B488,488,29/09/2021 9:52
4270661,XX1700B488,488,29/09/2021 9:52
4270662,XX1700B488,488,29/09/2021 9:52
4270663,XX1700B488,488,29/09/2021 9:52
4270664,XX1700B488,488,29/09/2021 9:52
4270665,XX1700B488,488,29/09/2021 9:52
4270666,XX1700B488,488,29/09/2021 9:52
4270667,XX1700B488,488,29/09/2021 9:52
4270668,XX1700B488,488,29/09/2021 9:52
4270669,XX1700B488,488,29/09/2021 9:52
4270670,XX1700B488,488,29/09/2021 9:52
4270671,XX1700B488,488,29/09/2021 9:52
4270672,XX1700B488,488,29/09/2021 9:52
4270673,XX1700B488,488,29/09/2021 9:52
4270674,XX1700B488,488,29/09/2021 9:52
4270675,XX1700B488,488,29/09/2021 9:52
4270676,XX1700B488,488,29/09/2021 9:52
4593684,XX1700B588,588,29/09/2021 9:52
4593685,XX1700B588,588,29/09/2021 9:52
4593686,XX1700B588,588,29/09/2021 9:52
4593692,XX1700B588,588,29/09/2021 9:52
4593693,XX1700B588,588,29/09/2021 9:52
4593694,XX1700B588,588,29/09/2021 9:52
4593695,XX1700B588,588,29/09/2021 9:52
4593696,XX1700B588,588,29/09/2021 9:52
4593697,XX1700B588,588,29/09/2021 9:52
4593698,XX1700B588,588,29/09/2021 9:52
4593699,XX1700B588,588,29/09/2021 9:52
4593700,XX1700B588,588,29/09/2021 9:52
4593701,XX1700B588,588,29/09/2021 9:52
4593702,XX1700B588,588,29/09/2021 9:52
4593703,XX1700B588,588,29/09/2021 9:52
4593704,XX1700B588,588,29/09/2021 9:52
4593705,XX1700B588,588,29/09/2021 9:52
4593706,XX1700B588,588,29/09/2021 9:52
4593707,XX1700B588,588,29/09/2021 9:52
4593708,XX1700B588,588,29/09/2021 9:52
4593709,XX1700B588,588,29/09/2021 9:52
5011969,X1700B024V,024,29/09/2021 9:52
5011990,X1700B024V,024,29/09/2021 9:52
5011991,X1700B024V,024,29/09/2021 9:52
5011992,X1700B024V,024,29/09/2021 9:52
5011993,X1700B024V,024,29/09/2021 9:52
5011994,X1700B024V,024,29/09/2021 9:52
5011995,X1700B024V,024,29/09/2021 9:52
5011996,X1700B024V,024,29/09/2021 9:52
5011997,X1700B024V,024,29/09/2021 9:52
5011998,X1700B024V,024,29/09/2021 9:52
5011999,X1700B024V,024,29/09/2021 9:52
5012000,X1700B024V,024,29/09/2021 9:52
5012001,X1700B024V,024,29/09/2021 9:52
5012002,X1700B024V,024,29/09/2021 9:52
5012003,X1700B024V,024,29/09/2021 9:52
5012004,X1700B024V,024,29/09/2021 9:52
5012005,X1700B024V,024,29/09/2021 9:52
5012006,X1700B024V,024,29/09/2021 9:52
5012007,X1700B024V,024,29/09/2021 9:52
5012008,X1700B024V,024,29/09/2021 9:52
5012009,X1700B024V,024,29/09/2021 9:52
540165,XMN120089V,089,29/09/2021 9:52
540166,XMN120089V,089,29/09/2021 9:52
540167,XMN120089V,089,29/09/2021 9:52
540168,XMN120089V,089,29/09/2021 9:52
540169,XMN120089V,089,29/09/2021 9:52
540170,XMN120089V,089,29/09/2021 9:52
540171,XMN120089V,089,29/09/2021 9:52
540172,XMN120089V,089,29/09/2021 9:52
540173,XMN120089V,089,29/09/2021 9:52
540174,XMN120089V,089,29/09/2021 9:52
540175,XMN120089V,089,29/09/2021 9:52
540176,XMN120089V,089,29/09/2021 9:52
540177,XMN120089V,089,29/09/2021 9:52
540178,XMN120089V,089,29/09/2021 9:52
540179,XMN120089V,089,29/09/2021 9:52
540180,XMN120089V,089,29/09/2021 9:52
540181,XMN120089V,089,29/09/2021 9:52
540182,XMN120089V,089,29/09/2021 9:52
540183,XMN120089V,089,29/09/2021 9:52
540184,XMN120089V,089,29/09/2021 9:52
540185,XMN120089V,089,29/09/2021 9:52
540186,XMN120089V,089,29/09/2021 9:52
540187,XMN120089V,089,29/09/2021 9:52
540188,XMN120089V,089,29/09/2021 9:52
540189,XMN120089V,089,29/09/2021 9:52
540190,XMN120089V,089,29/09/2021 9:52
540191,XMN120089V,089,29/09/2021 9:52
540192,XMN120089V,089,29/09/2021 9:52
540193,XMN120089V,089,29/09/2021 9:52
540194,XMN120089V,089,29/09/2021 9:52
540195,XMN120089V,089,29/09/2021 9:52
540196,XMN120089V,089,29/09/2021 9:52
540197,XMN120089V,089,29/09/2021 9:52
540198,XMN120089V,089,29/09/2021 9:52
540199,XMN120089V,089,29/09/2021 9:52
540200,XMN120089V,089,29/09/2021 9:52
540201,XMN120089V,089,29/09/2021 9:52
540202,XMN120089V,089,29/09/2021 9:52
540203,XMN120089V,089,29/09/2021 9:52
540204,XMN120089V,089,29/09/2021 9:52
540205,XMN120089V,089,29/09/2021 9:52
540206,XMN120089V,089,29/09/2021 9:52
540207,XMN120089V,089,29/09/2021 9:52
540208,XMN120089V,089,29/09/2021 9:52
540209,XMN120089V,089,29/09/2021 9:52
540210,XMN120089V,089,29/09/2021 9:52
540211,XMN120089V,089,29/09/2021 9:52
540212,XMN120089V,089,29/09/2021 9:52
540213,XMN120089V,089,29/09/2021 9:52
540214,XMN120089V,089,29/09/2021 9:52
540215,XMN120089V,089,29/09/2021 9:52
540216,XMN120089V,089,29/09/2021 9:52
540217,XMN120089V,089,29/09/2021 9:52
540218,XMN120089V,089,29/09/2021 9:52
540219,XMN120089V,089,29/09/2021 9:52
540220,XMN120089V,089,29/09/2021 9:52
540221,XMN120089V,089,29/09/2021 9:52
540222,XMN120089V,089,29/09/2021 9:52
540223,XMN120089V,089,29/09/2021 9:52
540224,XMN120089V,089,29/09/2021 9:52
540285,X1700A571V,571,29/09/2021 9:52
540286,X1700A571V,571,29/09/2021 9:52
540287,X1700A571V,571,29/09/2021 9:52
540288,X1700A571V,571,29/09/2021 9:52
540289,X1700A571V,571,29/09/2021 9:52
540290,X1700A571V,571,29/09/2021 9:52
540291,X1700A571V,571,29/09/2021 9:52
540292,X1700A571V,571,29/09/2021 9:52
540293,X1700A571V,571,29/09/2021 9:52
540294,X1700A571V,571,29/09/2021 9:52
540295,X1700A571V,571,29/09/2021 9:52
540296,X1700A571V,571,29/09/2021 9:52
540297,X1700A571V,571,29/09/2021 9:52
540298,X1700A571V,571,29/09/2021 9:52
540299,X1700A571V,571,29/09/2021 9:52
540300,X1700A571V,571,29/09/2021 9:52
540301,X1700A571V,571,29/09/2021 9:52
540302,X1700A571V,571,29/09/2021 9:52
540303,X1700A571V,571,29/09/2021 9:52
540304,X1700A571V,571,29/09/2021 9:52
540305,X1700A571V,571,29/09/2021 9:52
540306,X1700A571V,571,29/09/2021 9:52
540307,X1700A571V,571,29/09/2021 9:52
540308,X1700A571V,571,29/09/2021 9:52
540309,X1700A571V,571,29/09/2021 9:52
540310,X1700A571V,571,29/09/2021 9:52
540311,X1700A571V,571,29/09/2021 9:52
540312,X1700A571V,571,29/09/2021 9:52
540313,X1700A571V,571,29/09/2021 9:52
540314,X1700A571V,571,29/09/2021 9:52
540315,X1700A571V,571,29/09/2021 9:52
540316,X1700A571V,571,29/09/2021 9:52
540317,X1700A571V,571,29/09/2021 9:52
540318,X1700A571V,571,29/09/2021 9:52
540319,X1700A571V,571,29/09/2021 9:52
540320,X1700A571V,571,29/09/2021 9:52
540321,X1700A571V,571,29/09/2021 9:52
540322,X1700A571V,571,29/09/2021 9:52
540323,X1700A571V,571,29/09/2021 9:52
540324,X1700A571V,571,29/09/2021 9:52
540325,X1700A571V,571,29/09/2021 9:52
540326,X1700A571V,571,29/09/2021 9:52
540327,X1700A571V,571,29/09/2021 9:52
540328,X1700A571V,571,29/09/2021 9:52
540329,X1700A571V,571,29/09/2021 9:52
540330,X1700A571V,571,29/09/2021 9:52
540331,X1700A571V,571,29/09/2021 9:52
540332,X1700A571V,571,29/09/2021 9:52
540333,X1700A571V,571,29/09/2021 9:52
540334,X1700A571V,571,29/09/2021 9:52
540335,X1700A571V,571,29/09/2021 9:52
540336,X1700A571V,571,29/09/2021 9:52
540337,X1700A571V,571,29/09/2021 9:52
540338,X1700A571V,571,29/09/2021 9:52
540339,X1700A571V,571,29/09/2021 9:52
540340,X1700A571V,571,29/09/2021 9:52
540341,X1700A571V,571,29/09/2021 9:52
540342,X1700A571V,571,29/09/2021 9:52
540343,X1700A571V,571,29/09/2021 9:52
540344,X1700A571V,571,29/09/2021 9:52
540345,X1700A571V,571,29/09/2021 9:52
540346,X1700A571V,571,29/09/2021 9:52
540347,X1700A571V,571,29/09/2021 9:52
540348,X1700A571V,571,29/09/2021 9:52
540349,X1700A571V,571,29/09/2021 9:52
540350,X1700A571V,571,29/09/2021 9:52
540351,X1700A571V,571,29/09/2021 9:52
540352,X1700A571V,571,29/09/2021 9:52
540353,X1700A571V,571,29/09/2021 9:52
540354,X1700A571V,571,29/09/2021 9:52
540355,X1700A571V,571,29/09/2021 9:52
540356,X1700A571V,571,29/09/2021 9:52
540357,X1700A571V,571,29/09/2021 9:52
540358,X1700A571V,571,29/09/2021 9:52
540359,X1700A571V,571,29/09/2021 9:52
540360,X1700A571V,571,29/09/2021 9:52
540361,X1700A571V,571,29/09/2021 9:52
540362,X1700A571V,571,29/09/2021 9:52
540363,X1700A571V,571,29/09/2021 9:52
540364,X1700A571V,571,29/09/2021 9:52
540365,X1700A571V,571,29/09/2021 9:52
540366,X1700A571V,571,29/09/2021 9:52
540367,X1700A571V,571,29/09/2021 9:52
540368,X1700A571V,571,29/09/2021 9:52
540369,X1700A571V,571,29/09/2021 9:52
540370,X1700A571V,571,29/09/2021 9:52
540371,X1700A571V,571,29/09/2021 9:52
540372,X1700A571V,571,29/09/2021 9:52
540373,X1700A571V,571,29/09/2021 9:52
540374,X1700A571V,571,29/09/2021 9:52
540780,X1700B024V,024,29/09/2021 9:52
540841,X1700B024V,024,29/09/2021 9:52
540842,X1700B024V,024,29/09/2021 9:52
540843,X1700B024V,024,29/09/2021 9:52
540844,X1700B024V,024,29/09/2021 9:52
540845,X1700B024V,024,29/09/2021 9:52
540846,X1700B024V,024,29/09/2021 9:52
540847,X1700B024V,024,29/09/2021 9:52
540848,X1700B024V,024,29/09/2021 9:52
540849,X1700B024V,024,29/09/2021 9:52
540850,X1700B024V,024,29/09/2021 9:52
540851,X1700B024V,024,29/09/2021 9:52
540857,X1700A513V,513,29/09/2021 9:52
540858,X1700A513V,513,29/09/2021 9:52
540859,X1700A513V,513,29/09/2021 9:52
540860,X1700A513V,513,29/09/2021 9:52
540861,X1700A513V,513,29/09/2021 9:52
540862,X1700A513V,513,29/09/2021 9:52
540863,X1700A513V,513,29/09/2021 9:52
540864,X1700A513V,513,29/09/2021 9:52
540865,X1700A513V,513,29/09/2021 9:52
540866,X1700A513V,513,29/09/2021 9:52
540867,X1700A513V,513,29/09/2021 9:52
540868,X1700A513V,513,29/09/2021 9:52
540869,X1700B014V,014,29/09/2021 9:52
540870,X1700B014V,014,29/09/2021 9:52
540871,X1700B014V,014,29/09/2021 9:52
540872,X1700B014V,014,29/09/2021 9:52
540873,X1700B014V,014,29/09/2021 9:52
540874,X1700B014V,014,29/09/2021 9:52
540875,X1700B014V,014,29/09/2021 9:52
540876,X1700B014V,014,29/09/2021 9:52
540877,X1700B014V,014,29/09/2021 9:52
540878,X1700B014V,014,29/09/2021 9:52
540879,X1700B014V,014,29/09/2021 9:52
540880,X1700B014V,014,29/09/2021 9:52
540881,X1700B014V,014,29/09/2021 9:52
540882,X1700B014V,014,29/09/2021 9:52
540883,X1700B014V,014,29/09/2021 9:52
540884,X1700B014V,014,29/09/2021 9:52
540885,X1700B014V,014,29/09/2021 9:52
540886,X1700B014V,014,29/09/2021 9:52
540887,X1700B014V,014,29/09/2021 9:52
540888,X1700B014V,014,29/09/2021 9:52
540889,X1700B014V,014,29/09/2021 9:52
540890,X1700B014V,014,29/09/2021 9:52
540891,X1700B014V,014,29/09/2021 9:52
540892,X1700B014V,014,29/09/2021 9:52
585669,X1700B024V,024,29/09/2021 9:52
585670,X1700B024V,024,29/09/2021 9:52
585671,X1700B024V,024,29/09/2021 9:52
585672,X1700B024V,024,29/09/2021 9:52
585673,X1700B024V,024,29/09/2021 9:52
585674,X1700B024V,024,29/09/2021 9:52
585675,X1700B024V,024,29/09/2021 9:52
585676,X1700B024V,024,29/09/2021 9:52
585677,X1700B024V,024,29/09/2021 9:52
585678,X1700B024V,024,29/09/2021 9:52
585679,X1700B024V,024,29/09/2021 9:52
585680,X1700B024V,024,29/09/2021 9:52
585681,X1700B024V,024,29/09/2021 9:52
585682,X1700B024V,024,29/09/2021 9:52
585683,X1700B024V,024,29/09/2021 9:52
585684,X1700B024V,024,29/09/2021 9:52
585685,X1700B024V,024,29/09/2021 9:52
585686,X1700B024V,024,29/09/2021 9:52
585687,X1700B024V,024,29/09/2021 9:52
585688,X1700B024V,024,29/09/2021 9:52
585689,X1700B024V,024,29/09/2021 9:52
585690,X1700B024V,024,29/09/2021 9:52
585691,X1700B024V,024,29/09/2021 9:52
585692,X1700B024V,024,29/09/2021 9:52
585693,X1700B024V,024,29/09/2021 9:52
585694,X1700B024V,024,29/09/2021 9:52
585695,X1700B024V,024,29/09/2021 9:52
585696,X1700B024V,024,29/09/2021 9:52
585697,X1700B024V,024,29/09/2021 9:52
585698,X1700B024V,024,29/09/2021 9:52
585699,X1700B024V,024,29/09/2021 9:52
585700,X1700B024V,024,29/09/2021 9:52
585701,X1700B024V,024,29/09/2021 9:52
585701015,X1700B024V,024,29/09/2021 9:52
585702,X1700B024V,024,29/09/2021 9:52
585703,X1700B024V,024,29/09/2021 9:52
585704,X1700B024V,024,29/09/2021 9:52
585705,X1700A513V,513,29/09/2021 9:52
585706,X1700A513V,513,29/09/2021 9:52
585707,X1700A513V,513,29/09/2021 9:52
585708,X1700A513V,513,29/09/2021 9:52
585709,X1700A513V,513,29/09/2021 9:52
585710,X1700A513V,513,29/09/2021 9:52
585711,X1700A513V,513,29/09/2021 9:52
585712,X1700A513V,513,29/09/2021 9:52
585713,X1700A513V,513,29/09/2021 9:52
585714,X1700A513V,513,29/09/2021 9:52
585715,X1700A513V,513,29/09/2021 9:52
585716,X1700A513V,513,29/09/2021 9:52
585717,X1700A513V,513,29/09/2021 9:52
585718,X1700A513V,513,29/09/2021 9:52
585719,X1700A513V,513,29/09/2021 9:52
585720,X1700A513V,513,29/09/2021 9:52
585721,X1700A513V,513,29/09/2021 9:52
585722,X1700A513V,513,29/09/2021 9:52
585723,X1700B014V,014,29/09/2021 9:52
585724,X1700B014V,014,29/09/2021 9:52
585725,X1700B014V,014,29/09/2021 9:52
585726,X1700B014V,014,29/09/2021 9:52
585727,X1700B014V,014,29/09/2021 9:52
585728,X1700B014V,014,29/09/2021 9:52
585729,X1700B014V,014,29/09/2021 9:52
585730,X1700B014V,014,29/09/2021 9:52
585731,X1700B014V,014,29/09/2021 9:52
585732,X1700B014V,014,29/09/2021 9:52
585733,X1700B014V,014,29/09/2021 9:52
585734,X1700B014V,014,29/09/2021 9:52
591386,X1700B143V,143,29/09/2021 9:52
591387,X1700B143V,143,29/09/2021 9:52
591388,X1700B143V,143,29/09/2021 9:52
591389,X1700B143V,143,29/09/2021 9:52
591390,X1700B143V,143,29/09/2021 9:52
591391,X1700B143V,143,29/09/2021 9:52
591392,X1700B143V,143,29/09/2021 9:52
591393,X1700B143V,143,29/09/2021 9:52
591394,X1700B143V,143,29/09/2021 9:52
591395,X1700B143V,143,29/09/2021 9:52
591396,X1700B143V,143,29/09/2021 9:52
591397,X1700B143V,143,29/09/2021 9:52
591398,X1700B143V,143,29/09/2021 9:52
591399,X1700B143V,143,29/09/2021 9:52
591400,X1700B143V,143,29/09/2021 9:52
591401,X1700B143V,143,29/09/2021 9:52
591402,X1700B143V,143,29/09/2021 9:52
591403,X1700B143V,143,29/09/2021 9:52
591404,X1700B143V,143,29/09/2021 9:52
591405,X1700B143V,143,29/09/2021 9:52
591406,X1700B143V,143,29/09/2021 9:52
591407,X1700B143V,143,29/09/2021 9:52
591408,X1700B143V,143,29/09/2021 9:52
591409,X1700B143V,143,29/09/2021 9:52
591410,X1700B143V,143,29/09/2021 9:52
591411,X1700B143V,143,29/09/2021 9:52
591412,X1700B143V,143,29/09/2021 9:52
591413,X1700B143V,143,29/09/2021 9:52
591414,X1700B143V,143,29/09/2021 9:52
591415,X1700B143V,143,29/09/2021 9:52
591416,X1700B143V,143,29/09/2021 9:52
591417,X1700B143V,143,29/09/2021 9:52
591418,X1700B143V,143,29/09/2021 9:52
591419,X1700B143V,143,29/09/2021 9:52
591420,X1700B143V,143,29/09/2021 9:52
591421,X1700B143V,143,29/09/2021 9:52
591422,X1700B143V,143,29/09/2021 9:52
591423,X1700B143V,143,29/09/2021 9:52
591424,X1700B143V,143,29/09/2021 9:52
591425,X1700B143V,143,29/09/2021 9:52
591426,X1700B143V,143,29/09/2021 9:52
591427,X1700B143V,143,29/09/2021 9:52
591428,X1700B143V,143,29/09/2021 9:52
591429,X1700B143V,143,29/09/2021 9:52
591430,X1700B143V,143,29/09/2021 9:52
596635,X1700A513V,513,29/09/2021 9:52
596636,X1700A513V,513,29/09/2021 9:52
596637,X1700A513V,513,29/09/2021 9:52
596638,X1700A513V,513,29/09/2021 9:52
596639,X1700A513V,513,29/09/2021 9:52
596640,X1700A513V,513,29/09/2021 9:52
596641,X1700A513V,513,29/09/2021 9:52
596642,X1700A513V,513,29/09/2021 9:52
596643,X1700A513V,513,29/09/2021 9:52
596644,X1700A513V,513,29/09/2021 9:52
596645,X1700A513V,513,29/09/2021 9:52
596646,X1700A513V,513,29/09/2021 9:52
596647,X1700A513V,513,29/09/2021 9:52
596648,X1700A513V,513,29/09/2021 9:52
596649,X1700A513V,513,29/09/2021 9:52
596650,X1700A513V,513,29/09/2021 9:52
596651,X1700A513V,513,29/09/2021 9:52
596652,X1700A513V,513,29/09/2021 9:52
596653,X1700A513V,513,29/09/2021 9:52
596654,X1700A513V,513,29/09/2021 9:52
596655,X1700A513V,513,29/09/2021 9:52
596656,X1700A513V,513,29/09/2021 9:52
596657,X1700A513V,513,29/09/2021 9:52
596658,X1700A513V,513,29/09/2021 9:52
596659,X1700A513V,513,29/09/2021 9:52
596660,X1700A513V,513,29/09/2021 9:52
596661,X1700A513V,513,29/09/2021 9:52
596662,X1700A513V,513,29/09/2021 9:52
596663,X1700A513V,513,29/09/2021 9:52
596664,X1700A513V,513,29/09/2021 9:52
6180514,X1700B024V,024,29/09/2021 9:52
6180514021,X1700B024V,024,29/09/2021 9:52
6180515,X1700B024V,024,29/09/2021 9:52
6180516,X1700B024V,024,29/09/2021 9:52
6180527,X1700B024V,024,29/09/2021 9:52
6180528,X1700B024V,024,29/09/2021 9:52
6180529,X1700B024V,024,29/09/2021 9:52
6180530,X1700B024V,024,29/09/2021 9:52
6180531,X1700B024V,024,29/09/2021 9:52
6180532,X1700B024V,024,29/09/2021 9:52
6180533,X1700B024V,024,29/09/2021 9:52
6180534,X1700B024V,024,29/09/2021 9:52
6180535,X1700B024V,024,29/09/2021 9:52
6611809,X1700B024V,024,29/09/2021 9:52
6611815,X1700B024V,024,29/09/2021 9:52
6611816,X1700B024V,024,29/09/2021 9:52
6611817,X1700B024V,024,29/09/2021 9:52
6611818,X1700B024V,024,29/09/2021 9:52
6611819,X1700B024V,024,29/09/2021 9:52
6611820,X1700B024V,024,29/09/2021 9:52
6611821,X1700B024V,024,29/09/2021 9:52
6611822,X1700B024V,024,29/09/2021 9:52
6611823,X1700B024V,024,29/09/2021 9:52
6611824,X1700B024V,024,29/09/2021 9:52
6611825,X1700B024V,024,29/09/2021 9:52
6611826,X1700B024V,024,29/09/2021 9:52
6611827,X1700B024V,024,29/09/2021 9:52
6611828,X1700B024V,024,29/09/2021 9:52
6611829,X1700B024V,024,29/09/2021 9:52
6611830,X1700B024V,024,29/09/2021 9:52
6611831,X1700B024V,024,29/09/2021 9:52
6836114,XX1700B892,892,29/09/2021 9:52
6836115,XX1700B892,892,29/09/2021 9:52
6836116,XX1700B892,892,29/09/2021 9:52
6836117,XX1700B892,892,29/09/2021 9:52
6836118,XX1700B892,892,29/09/2021 9:52
6836119,XX1700B892,892,29/09/2021 9:52
6836120,XX1700B892,892,29/09/2021 9:52
6836121,XX1700B892,892,29/09/2021 9:52
6836122,XX1700B892,892,29/09/2021 9:52
6836123,XX1700B892,892,29/09/2021 9:52
6836124,XX1700B892,892,29/09/2021 9:52
6836125,XX1700B892,892,29/09/2021 9:52
6836126,XX1700B892,892,29/09/2021 9:52
6836127,XX1700B892,892,29/09/2021 9:52
6836128,XX1700B892,892,29/09/2021 9:52
6836129,XX1700B892,892,29/09/2021 9:52
6836130,XX1700B892,892,29/09/2021 9:52
6836131,XX1700B892,892,29/09/2021 9:52
6836132,XX1700B892,892,29/09/2021 9:52
6836133,XX1700B892,892,29/09/2021 9:52
6836134,XX1700B892,892,29/09/2021 9:52
6836140,XX1700B893,893,29/09/2021 9:52
6836141,XX1700B893,893,29/09/2021 9:52
6836142,XX1700B893,893,29/09/2021 9:52
6836143,XX1700B893,893,29/09/2021 9:52
6836144,XX1700B893,893,29/09/2021 9:52
6836145,XX1700B893,893,29/09/2021 9:52
6836146,XX1700B893,893,29/09/2021 9:52
6836147,XX1700B893,893,29/09/2021 9:52
6836148,XX1700B893,893,29/09/2021 9:52
6836149,XX1700B893,893,29/09/2021 9:52
6836150,XX1700B893,893,29/09/2021 9:52
6836151,XX1700B893,893,29/09/2021 9:52
6836152,XX1700B893,893,29/09/2021 9:52
6836153,XX1700B893,893,29/09/2021 9:52
6836154,XX1700B893,893,29/09/2021 9:52
6836155,XX1700B893,893,29/09/2021 9:52
6836156,XX1700B893,893,29/09/2021 9:52
6836157,XX1700B893,893,29/09/2021 9:52
6836158,XX1700B893,893,29/09/2021 9:52
6836159,XX1700B893,893,29/09/2021 9:52
6836160,XX1700B893,893,29/09/2021 9:52
7197150,X1700B588G,588G,29/09/2021 9:52
7197151,X1700B588G,588G,29/09/2021 9:52
7197152,X1700B588G,588G,29/09/2021 9:52
7197153,X1700B588G,588G,29/09/2021 9:52
7197164,X1700B588G,588G,29/09/2021 9:52
7197165,X1700B588G,588G,29/09/2021 9:52
7197166,X1700B588G,588G,29/09/2021 9:52
7197167,X1700B588G,588G,29/09/2021 9:52
7197168,X1700B588G,588G,29/09/2021 9:52
7197169,X1700B588G,588G,29/09/2021 9:52
7197170,X1700B588G,588G,29/09/2021 9:52
7197171,X1700B588G,588G,29/09/2021 9:52
7197172,X1700B588G,588G,29/09/2021 9:52
7197173,X1700B588G,588G,29/09/2021 9:52
7197174,X1700B588G,588G,29/09/2021 9:52
7197175,X1700B588G,588G,29/09/2021 9:52
7197176,X1700B588G,588G,29/09/2021 9:52
7197177,X1700B588G,588G,29/09/2021 9:52
7197178,X1700B588G,588G,29/09/2021 9:52
7197179,X1700B588G,588G,29/09/2021 9:52
7197180,X1700B588G,588G,29/09/2021 9:52
7197460,X1700B504G,504G,29/09/2021 9:52
7197461,X1700B504G,504G,29/09/2021 9:52
7197462,X1700B504G,504G,29/09/2021 9:52
7197463,X1700B504G,504G,29/09/2021 9:52
7197464,X1700B504G,504G,29/09/2021 9:52
7197465,X1700B504G,504G,29/09/2021 9:52
7197466,X1700B504G,504G,29/09/2021 9:52
7197467,X1700B504G,504G,29/09/2021 9:52
7197468,X1700B504G,504G,29/09/2021 9:52
7197469,X1700B504G,504G,29/09/2021 9:52
7197470,X1700B504G,504G,29/09/2021 9:52
7197471,X1700B504G,504G,29/09/2021 9:52
7197472,X1700B504G,504G,29/09/2021 9:52
7197473,X1700B504G,504G,29/09/2021 9:52
7197474,X1700B504G,504G,29/09/2021 9:52
7197475,X1700B504G,504G,29/09/2021 9:52
7197476,X1700B504G,504G,29/09/2021 9:52
7197477,X1700B504G,504G,29/09/2021 9:52
7197478,X1700B504G,504G,29/09/2021 9:52
7197479,X1700B504G,504G,29/09/2021 9:52
7197480,X1700B504G,504G,29/09/2021 9:52
7197738,X1700B502G,502G,29/09/2021 9:52
7197764,X1700B502G,502G,29/09/2021 9:52
7197765,X1700B502G,502G,29/09/2021 9:52
7197766,X1700B502G,502G,29/09/2021 9:52
7197767,X1700B502G,502G,29/09/2021 9:52
7197768,X1700B502G,502G,29/09/2021 9:52
7197769,X1700B502G,502G,29/09/2021 9:52
7197770,X1700B502G,502G,29/09/2021 9:52
7197771,X1700B502G,502G,29/09/2021 9:52
7197772,X1700B502G,502G,29/09/2021 9:52
7197773,X1700B502G,502G,29/09/2021 9:52
7197774,X1700B502G,502G,29/09/2021 9:52
7197783,X1700B496G,496G,29/09/2021 9:52
7197799,X1700B496G,496G,29/09/2021 9:52
7197800,X1700B496G,496G,29/09/2021 9:52
7197801,X1700B496G,496G,29/09/2021 9:52
7197802,X1700B496G,496G,29/09/2021 9:52
7197803,X1700B496G,496G,29/09/2021 9:52
7197804,X1700B496G,496G,29/09/2021 9:52
7197805,X1700B496G,496G,29/09/2021 9:52
7197806,X1700B496G,496G,29/09/2021 9:52
7197807,X1700B496G,496G,29/09/2021 9:52
7197808,X1700B496G,496G,29/09/2021 9:52
7197809,X1700B496G,496G,29/09/2021 9:52
7197810,X1700B496G,496G,29/09/2021 9:52
7197811,X1700B496G,496G,29/09/2021 9:52
7197812,X1700B496G,496G,29/09/2021 9:52
7197813,X1700B496G,496G,29/09/2021 9:52
7197814,X1700B496G,496G,29/09/2021 9:52
7197815,X1700B496G,496G,29/09/2021 9:52
7197816,X1700B496G,496G,29/09/2021 9:52
7197817,X1700B496G,496G,29/09/2021 9:52
7197818,X1700B496G,496G,29/09/2021 9:52
7198463,X1700B490G,490G,29/09/2021 9:52
7198464,X1700B490G,490G,29/09/2021 9:52
7198465,X1700B490G,490G,29/09/2021 9:52
7198466,X1700B490G,490G,29/09/2021 9:52
7198467,X1700B490G,490G,29/09/2021 9:52
7198468,X1700B490G,490G,29/09/2021 9:52
7270983,XX1700B797,797,29/09/2021 9:52
7344320,X1700A571G,571G,29/09/2021 9:52
7363709,XX1700B892,892,29/09/2021 9:52
7363755,XX1700B892,892,29/09/2021 9:52
7363756,XX1700B892,892,29/09/2021 9:52
7363757,XX1700B892,892,29/09/2021 9:52
7363758,XX1700B892,892,29/09/2021 9:52
7363759,XX1700B892,892,29/09/2021 9:52
7363760,XX1700B892,892,29/09/2021 9:52
7363761,XX1700B892,892,29/09/2021 9:52
7363762,XX1700B892,892,29/09/2021 9:52
7363763,XX1700B892,892,29/09/2021 9:52
7363764,XX1700B892,892,29/09/2021 9:52
7363765,XX1700B892,892,29/09/2021 9:52
7363766,XX1700B892,892,29/09/2021 9:52
7363767,XX1700B892,892,29/09/2021 9:52
7363768,XX1700B892,892,29/09/2021 9:52
78027220,X1700B024V,024,29/09/2021 9:52
7802722071,X1700B024V,024,29/09/2021 9:52
7802723008,X1700B024V,024,29/09/2021 9:52
78027240,X1700B024V,024,29/09/2021 9:52
7802724048,X1700B024V,024,29/09/2021 9:52
78027250,X1700B024V,024,29/09/2021 9:52
7802725088,X1700B024V,024,29/09/2021 9:52
78027260,X1700B024V,024,29/09/2021 9:52
7802726025,X1700B024V,024,29/09/2021 9:52
78027270,X1700B024V,024,29/09/2021 9:52
7802727065,X1700B024V,024,29/09/2021 9:52
78027280,X1700B024V,024,29/09/2021 9:52
7802728002,X1700B024V,024,29/09/2021 9:52
78027290,X1700B024V,024,29/09/2021 9:52
7802729042,X1700B024V,024,29/09/2021 9:52
78027300,X1700B024V,024,29/09/2021 9:52
7802730097,X1700B024V,024,29/09/2021 9:52
78027310,X1700B024V,024,29/09/2021 9:52
7802731034,X1700B024V,024,29/09/2021 9:52
78027320,X1700B024V,024,29/09/2021 9:52
7802732074,X1700B024V,024,29/09/2021 9:52
78027330,X1700B024V,024,29/09/2021 9:52
7802733011,X1700B024V,024,29/09/2021 9:52
78027340,X1700B024V,024,29/09/2021 9:52
7802734051,X1700B024V,024,29/09/2021 9:52
78027360,X1700B024V,024,29/09/2021 9:52
7802736028,X1700B024V,024,29/09/2021 9:52
78027380,X1700B024V,024,29/09/2021 9:52
7802738005,X1700B024V,024,29/09/2021 9:52
78027400,X1700B024V,024,29/09/2021 9:52
78027410,X1700B024V,024,29/09/2021 9:52
7802741037,X1700B024V,024,29/09/2021 9:52
78027420,X1700B024V,024,29/09/2021 9:52
7802742077,X1700B024V,024,29/09/2021 9:52
78027430,X1700B024V,024,29/09/2021 9:52
7802743014,X1700B024V,024,29/09/2021 9:52
78027440,X1700B024V,024,29/09/2021 9:52
7802744054,X1700B024V,024,29/09/2021 9:52
7863642,XX1700B494,494,29/09/2021 9:52
7863643,XX1700B494,494,29/09/2021 9:52
7863644,XX1700B494,494,29/09/2021 9:52
7863645,XX1700B494,494,29/09/2021 9:52
7863646,XX1700B494,494,29/09/2021 9:52
7863647,XX1700B494,494,29/09/2021 9:52
7863648,XX1700B494,494,29/09/2021 9:52
7863650,XX1700B494,494,29/09/2021 9:52
7863651,XX1700B494,494,29/09/2021 9:52
7863652,XX1700B494,494,29/09/2021 9:52
7863653,XX1700B494,494,29/09/2021 9:52
7863654,XX1700B494,494,29/09/2021 9:52
7863655,XX1700B494,494,29/09/2021 9:52
7918782,XX1700B892,892,29/09/2021 9:52
7918783,XX1700B892,892,29/09/2021 9:52
7918784,XX1700B892,892,29/09/2021 9:52
7918785,XX1700B892,892,29/09/2021 9:52
7918786,XX1700B892,892,29/09/2021 9:52
7918787,XX1700B892,892,29/09/2021 9:52
7918788,XX1700B892,892,29/09/2021 9:52
7918789,XX1700B892,892,29/09/2021 9:52
7918790,XX1700B892,892,29/09/2021 9:52
7918791,XX1700B892,892,29/09/2021 9:52
7918792,XX1700B892,892,29/09/2021 9:52
7918793,XX1700B892,892,29/09/2021 9:52
7918794,XX1700B892,892,29/09/2021 9:52
7918795,XX1700B892,892,29/09/2021 9:52
7918796,XX1700B892,892,29/09/2021 9:52
7918797,XX1700B892,892,29/09/2021 9:52
7969761,X1700B488G,488G,29/09/2021 9:52
8208005,X1700B024V,024,29/09/2021 9:52
8208006,X1700B024V,024,29/09/2021 9:52
8208022,X1700B024V,024,29/09/2021 9:52
8208023,X1700B024V,024,29/09/2021 9:52
8208024,X1700B024V,024,29/09/2021 9:52
8208025,X1700B024V,024,29/09/2021 9:52
8208026,X1700B024V,024,29/09/2021 9:52
8253116,17201W000P,000P,29/09/2021 9:52
8253147,17201W000P,000P,29/09/2021 9:52
8253148,17201W000P,000P,29/09/2021 9:52
8253149,17201W000P,000P,29/09/2021 9:52
8253150,17201W000P,000P,29/09/2021 9:52
8253151,17201W000P,000P,29/09/2021 9:52
8253152,17201W000P,000P,29/09/2021 9:52
8253153,17201W000P,000P,29/09/2021 9:52
8253154,17201W000P,000P,29/09/2021 9:52
8253155,17201W000P,000P,29/09/2021 9:52
8253156,17201W000P,000P,29/09/2021 9:52
8253157,17201W000P,000P,29/09/2021 9:52
8253158,17201W010P,010P,29/09/2021 9:52
8253159,17201W010P,010P,29/09/2021 9:52
8253160,17201W010P,010P,29/09/2021 9:52
8253161,17201W010P,010P,29/09/2021 9:52
8253167,17201W010P,010P,29/09/2021 9:52
8253168,17201W010P,010P,29/09/2021 9:52
8253169,17201W010P,010P,29/09/2021 9:52
8253170,17201W010P,010P,29/09/2021 9:52
8253171,17201W010P,010P,29/09/2021 9:52
8253172,17201W010P,010P,29/09/2021 9:52
8253173,17201W010P,010P,29/09/2021 9:52
8253174,17201W010P,010P,29/09/2021 9:52
8253175,17201W020P,020P,29/09/2021 9:52
8253176,17201W020P,020P,29/09/2021 9:52
8253177,17201W020P,020P,29/09/2021 9:52
8253178,17201W020P,020P,29/09/2021 9:52
8253180,17201W020P,020P,29/09/2021 9:52
8253181,17201W020P,020P,29/09/2021 9:52
8253182,17201W020P,020P,29/09/2021 9:52
8253183,17201W020P,020P,29/09/2021 9:52
8253184,17201W020P,020P,29/09/2021 9:52
8253185,17201W020P,020P,29/09/2021 9:52
8253186,17201W020P,020P,29/09/2021 9:52
8253192,17201W030P,030P,29/09/2021 9:52
8253193,17201W030P,030P,29/09/2021 9:52
8253194,17201W030P,030P,29/09/2021 9:52
8253195,17201W030P,030P,29/09/2021 9:52
8253196,17201W030P,030P,29/09/2021 9:52
8253197,17201W030P,030P,29/09/2021 9:52
8253198,17201W030P,030P,29/09/2021 9:52
8253199,17201W030P,030P,29/09/2021 9:52
8253200,17201W030P,030P,29/09/2021 9:52
8253201,17201W030P,030P,29/09/2021 9:52
8253202,17201W030P,030P,29/09/2021 9:52
8253203,17201W030P,030P,29/09/2021 9:52
8253208,17201W040P,040P,29/09/2021 9:52
8253209,17201W040P,040P,29/09/2021 9:52
8253210,17201W040P,040P,29/09/2021 9:52
8253211,17201W040P,040P,29/09/2021 9:52
8253212,17201W040P,040P,29/09/2021 9:52
8253213,17201W040P,040P,29/09/2021 9:52
8253214,17201W040P,040P,29/09/2021 9:52
8253215,17201W040P,040P,29/09/2021 9:52
8253216,17201W040P,040P,29/09/2021 9:52
8253217,17201W040P,040P,29/09/2021 9:52
8253218,17201W040P,040P,29/09/2021 9:52
8253219,17201W040P,040P,29/09/2021 9:52
8253220,17201W060P,060P,29/09/2021 9:52
8253221,17201W060P,060P,29/09/2021 9:52
8253227,17201W060P,060P,29/09/2021 9:52
8253228,17201W060P,060P,29/09/2021 9:52
8253229,17201W060P,060P,29/09/2021 9:52
8253230,17201W060P,060P,29/09/2021 9:52
8253231,17201W060P,060P,29/09/2021 9:52
8253232,17201W060P,060P,29/09/2021 9:52
8253233,17201W060P,060P,29/09/2021 9:52
8253234,17201W060P,060P,29/09/2021 9:52
8253235,17201W060P,060P,29/09/2021 9:52
8253236,17201W060P,060P,29/09/2021 9:52
8253238,17201W070P,070P,29/09/2021 9:52
8253239,17201W070P,070P,29/09/2021 9:52
8253240,17201W070P,070P,29/09/2021 9:52
8253241,17201W070P,070P,29/09/2021 9:52
8253242,17201W070P,070P,29/09/2021 9:52
8253243,17201W070P,070P,29/09/2021 9:52
8253244,17201W070P,070P,29/09/2021 9:52
8253245,17201W070P,070P,29/09/2021 9:52
8253246,17201W070P,070P,29/09/2021 9:52
8253247,17201W070P,070P,29/09/2021 9:52
8253248,17201W070P,070P,29/09/2021 9:52
8253249,17201W070P,070P,29/09/2021 9:52
8261140,17201W050P,050P,29/09/2021 9:52
8281864,17201W000G,000G,29/09/2021 9:52
8281865,17201W000G,000G,29/09/2021 9:52
8281866,17201W000G,000G,29/09/2021 9:52
8281867,17201W000G,000G,29/09/2021 9:52
8281868,17201W000G,000G,29/09/2021 9:52
8281869,17201W000G,000G,29/09/2021 9:52
8281870,17201W000G,000G,29/09/2021 9:52
8281871,17201W000G,000G,29/09/2021 9:52
8281872,17201W000G,000G,29/09/2021 9:52
8281873,17201W000G,000G,29/09/2021 9:52
8281874,17201W000G,000G,29/09/2021 9:52
8281875,17201W000G,000G,29/09/2021 9:52
8281876,17201W000G,000G,29/09/2021 9:52
8281877,17201W000G,000G,29/09/2021 9:52
8281878,17201W000G,000G,29/09/2021 9:52
8281879,17201W000G,000G,29/09/2021 9:52
8281880,17201W000G,000G,29/09/2021 9:52
8281881,17201W000G,000G,29/09/2021 9:52
8281882,17201W000G,000G,29/09/2021 9:52
8281883,17201W000G,000G,29/09/2021 9:52
8281884,17201W000G,000G,29/09/2021 9:52
8281886,17201W070G,070G,29/09/2021 9:52
8281887,17201W070G,070G,29/09/2021 9:52
8281893,17201W070G,070G,29/09/2021 9:52
8281894,17201W070G,070G,29/09/2021 9:52
8281895,17201W070G,070G,29/09/2021 9:52
8281896,17201W070G,070G,29/09/2021 9:52
8281897,17201W070G,070G,29/09/2021 9:52
8281898,17201W070G,070G,29/09/2021 9:52
8281899,17201W070G,070G,29/09/2021 9:52
8281900,17201W070G,070G,29/09/2021 9:52
8281901,17201W070G,070G,29/09/2021 9:52
8281902,17201W070G,070G,29/09/2021 9:52
8281903,17201W070G,070G,29/09/2021 9:52
8281904,17201W070G,070G,29/09/2021 9:52
8281905,17201W070G,070G,29/09/2021 9:52
8281906,17201W070G,070G,29/09/2021 9:52
8281907,17201W070G,070G,29/09/2021 9:52
8281908,17201W070G,070G,29/09/2021 9:52
8281909,17201W070G,070G,29/09/2021 9:52
8281910,17201W070G,070G,29/09/2021 9:52
8281911,17201W070G,070G,29/09/2021 9:52
8318856,17201W020P,020P,29/09/2021 9:52
8318857,17201W020P,020P,29/09/2021 9:52
8318863,17201W020P,020P,29/09/2021 9:52
8318864,17201W020P,020P,29/09/2021 9:52
8318865,17201W020P,020P,29/09/2021 9:52
8318866,17201W020P,020P,29/09/2021 9:52
8318867,17201W020P,020P,29/09/2021 9:52
8318868,17201W020P,020P,29/09/2021 9:52
8318869,17201W020P,020P,29/09/2021 9:52
8318870,17201W020P,020P,29/09/2021 9:52
8318871,17201W020P,020P,29/09/2021 9:52
8318872,17201W020P,020P,29/09/2021 9:52
8318873,17201W020P,020P,29/09/2021 9:52
8318874,17201W020P,020P,29/09/2021 9:52
8318875,17201W020P,020P,29/09/2021 9:52
8318876,17201W020P,020P,29/09/2021 9:52
8318877,17201W020P,020P,29/09/2021 9:52
8318878,17201W020P,020P,29/09/2021 9:52
8318879,17201W020P,020P,29/09/2021 9:52
8318880,17201W020P,020P,29/09/2021 9:52
8318881,17201W020P,020P,29/09/2021 9:52
8318882,17201W020P,020P,29/09/2021 9:52
8318883,17201W020P,020P,29/09/2021 9:52
8318884,17201W020P,020P,29/09/2021 9:52
8318885,17201W020P,020P,29/09/2021 9:52
8318886,17201W020P,020P,29/09/2021 9:52
8318887,17201W020P,020P,29/09/2021 9:52
8318888,17201W020P,020P,29/09/2021 9:52
8318889,17201W020P,020P,29/09/2021 9:52
8318890,17201W020P,020P,29/09/2021 9:52
8318933,17201W060P,060P,29/09/2021 9:52
8318934,17201W060P,060P,29/09/2021 9:52
8318935,17201W060P,060P,29/09/2021 9:52
8318936,17201W060P,060P,29/09/2021 9:52
8318937,17201W060P,060P,29/09/2021 9:52
8318938,17201W060P,060P,29/09/2021 9:52
8318939,17201W060P,060P,29/09/2021 9:52
8318940,17201W060P,060P,29/09/2021 9:52
8318941,17201W060P,060P,29/09/2021 9:52
8318942,17201W060P,060P,29/09/2021 9:52
8318943,17201W060P,060P,29/09/2021 9:52
8318944,17201W060P,060P,29/09/2021 9:52
8318945,17201W060P,060P,29/09/2021 9:52
8318946,17201W060P,060P,29/09/2021 9:52
8318947,17201W060P,060P,29/09/2021 9:52
8318948,17201W060P,060P,29/09/2021 9:52
8318949,17201W060P,060P,29/09/2021 9:52
8318950,17201W060P,060P,29/09/2021 9:52
8340012,17201W050G,050G,29/09/2021 9:52
8340013,17201W050G,050G,29/09/2021 9:52
8340014,17201W050G,050G,29/09/2021 9:52
8340015,17201W050G,050G,29/09/2021 9:52
8340016,17201W050G,050G,29/09/2021 9:52
8340017,17201W050G,050G,29/09/2021 9:52
8340018,17201W050G,050G,29/09/2021 9:52
8340019,17201W050G,050G,29/09/2021 9:52
8340020,17201W050G,050G,29/09/2021 9:52
8340021,17201W050G,050G,29/09/2021 9:52
8409030,17201W000P,000P,29/09/2021 9:52
8409031,17201W000P,000P,29/09/2021 9:52
8409032,17201W000P,000P,29/09/2021 9:52
8409033,17201W000P,000P,29/09/2021 9:52
8409034,17201W000P,000P,29/09/2021 9:52
8409035,17201W000P,000P,29/09/2021 9:52
8409036,17201W000P,000P,29/09/2021 9:52
8409037,17201W000P,000P,29/09/2021 9:52
8409038,17201W000P,000P,29/09/2021 9:52
8409039,17201W000P,000P,29/09/2021 9:52
8409040,17201W000P,000P,29/09/2021 9:52
8409041,17201W000P,000P,29/09/2021 9:52
8409042,17201W000P,000P,29/09/2021 9:52
8409043,17201W000P,000P,29/09/2021 9:52
8409044,17201W000P,000P,29/09/2021 9:52
8409045,17201W000P,000P,29/09/2021 9:52
8409046,17201W000P,000P,29/09/2021 9:52
8409047,17201W000P,000P,29/09/2021 9:52
8409048,17201W000P,000P,29/09/2021 9:52
8409049,17201W000P,000P,29/09/2021 9:52
8409050,17201W000P,000P,29/09/2021 9:52
8409051,17201W000P,000P,29/09/2021 9:52
8409052,17201W000P,000P,29/09/2021 9:52
8409053,17201W000P,000P,29/09/2021 9:52
8409054,17201W000P,000P,29/09/2021 9:52
8409055,17201W000P,000P,29/09/2021 9:52
8409056,17201W000P,000P,29/09/2021 9:52
8409057,17201W000P,000P,29/09/2021 9:52
8409058,17201W000P,000P,29/09/2021 9:52
8409059,17201W000P,000P,29/09/2021 9:52
8636114,XX1700B892,892,29/09/2021 9:52
8636115,XX1700B892,892,29/09/2021 9:52
8636116,XX1700B892,892,29/09/2021 9:52
8636117,XX1700B892,892,29/09/2021 9:52
8636118,XX1700B892,892,29/09/2021 9:52
8636119,XX1700B892,892,29/09/2021 9:52
8636120,XX1700B892,892,29/09/2021 9:52
8636121,XX1700B892,892,29/09/2021 9:52
8636122,XX1700B892,892,29/09/2021 9:52
8636123,XX1700B892,892,29/09/2021 9:52
8636124,XX1700B892,892,29/09/2021 9:52
8636125,XX1700B892,892,29/09/2021 9:52
8636126,XX1700B892,892,29/09/2021 9:52
8636127,XX1700B892,892,29/09/2021 9:52
8636128,XX1700B892,892,29/09/2021 9:52
8636129,XX1700B892,892,29/09/2021 9:52
8636130,XX1700B892,892,29/09/2021 9:52
8636131,XX1700B892,892,29/09/2021 9:52
8636132,XX1700B892,892,29/09/2021 9:52
8636133,XX1700B892,892,29/09/2021 9:52
8636134,XX1700B892,892,29/09/2021 9:52
8663627,17201W070G,070G,29/09/2021 9:52
8663628,17201W070G,070G,29/09/2021 9:52
8663629,17201W070G,070G,29/09/2021 9:52
8663630,17201W070G,070G,29/09/2021 9:52
8663631,17201W070G,070G,29/09/2021 9:52
8663632,17201W070G,070G,29/09/2021 9:52
8663633,17201W070G,070G,29/09/2021 9:52
8663634,17201W070G,070G,29/09/2021 9:52
8663635,17201W070G,070G,29/09/2021 9:52
8663636,17201W070G,070G,29/09/2021 9:52
8663637,17201W070G,070G,29/09/2021 9:52
8663638,17201W070G,070G,29/09/2021 9:52
8663639,17201W070G,070G,29/09/2021 9:52
8663640,17201W070G,070G,29/09/2021 9:52
8663641,17201W070G,070G,29/09/2021 9:52
8663642,17201W070G,070G,29/09/2021 9:52
8663643,17201W070G,070G,29/09/2021 9:52
8663644,17201W070G,070G,29/09/2021 9:52
8663645,17201W070G,070G,29/09/2021 9:52
8663646,17201W070G,070G,29/09/2021 9:52
8663647,17201W070G,070G,29/09/2021 9:52
8663648,17201W070G,070G,29/09/2021 9:52
8663649,17201W070G,070G,29/09/2021 9:52
8663650,17201W070G,070G,29/09/2021 9:52
8663651,17201W070G,070G,29/09/2021 9:52
8663652,17201W070G,070G,29/09/2021 9:52
8663653,17201W070G,070G,29/09/2021 9:52
8663654,17201W070G,070G,29/09/2021 9:52
8663655,17201W070G,070G,29/09/2021 9:52
8663656,17201W070G,070G,29/09/2021 9:52
8663657,17201W070G,070G,29/09/2021 9:52
8663658,17201W070G,070G,29/09/2021 9:52
8663659,17201W070G,070G,29/09/2021 9:52
8663660,17201W070G,070G,29/09/2021 9:52
8663661,17201W070G,070G,29/09/2021 9:52
8663662,17201W070G,070G,29/09/2021 9:52
8663663,17201W070G,070G,29/09/2021 9:52
8663664,17201W070G,070G,29/09/2021 9:52
8663665,17201W070G,070G,29/09/2021 9:52
8663666,17201W070G,070G,29/09/2021 9:52
8663667,17201W070G,070G,29/09/2021 9:52
8663668,17201W070G,070G,29/09/2021 9:52
8663669,17201W070G,070G,29/09/2021 9:52
8663670,17201W070G,070G,29/09/2021 9:52
8663671,17201W070G,070G,29/09/2021 9:52
8663672,17201W070G,070G,29/09/2021 9:52
8663673,17201W070G,070G,29/09/2021 9:52
8663674,17201W070G,070G,29/09/2021 9:52
8663675,17201W070G,070G,29/09/2021 9:52
8663676,17201W070G,070G,29/09/2021 9:52
8663677,17201W070G,070G,29/09/2021 9:52
8663678,17201W070G,070G,29/09/2021 9:52
8663679,17201W070G,070G,29/09/2021 9:52
8663680,17201W070G,070G,29/09/2021 9:52
8663681,17201W070G,070G,29/09/2021 9:52
8663682,17201W070G,070G,29/09/2021 9:52
8663683,17201W070G,070G,29/09/2021 9:52
8663684,17201W070G,070G,29/09/2021 9:52
8663685,17201W070G,070G,29/09/2021 9:52
8663686,17201W070G,070G,29/09/2021 9:52
8663687,17201W070G,070G,29/09/2021 9:52
8663688,17201W070G,070G,29/09/2021 9:52
8663689,17201W070G,070G,29/09/2021 9:52
8663690,17201W070G,070G,29/09/2021 9:52
8663691,17201W070G,070G,29/09/2021 9:52
8663692,17201W070G,070G,29/09/2021 9:52
8663693,17201W070G,070G,29/09/2021 9:52
8663694,17201W070G,070G,29/09/2021 9:52
8663695,17201W070G,070G,29/09/2021 9:52
8863536,X1700B478V,478,29/09/2021 9:52
8863537,X1700B478V,478,29/09/2021 9:52
8863538,X1700B478V,478,29/09/2021 9:52
8981339,17201W020PG,020G,29/09/2021 9:52
8981340,17201W020PG,020G,29/09/2021 9:52
8981341,17201W020PG,020G,29/09/2021 9:52
8981342,17201W020PG,020G,29/09/2021 9:52
8981343,17201W020PG,020G,29/09/2021 9:52
8981344,17201W020PG,020G,29/09/2021 9:52
8981345,17201W020PG,020G,29/09/2021 9:52
8981346,17201W020PG,020G,29/09/2021 9:52
8981347,17201W020PG,020G,29/09/2021 9:52
8981348,17201W020PG,020G,29/09/2021 9:52
8981349,17201W020PG,020G,29/09/2021 9:52
8981350,17201W020PG,020G,29/09/2021 9:52
8981351,17201W020PG,020G,29/09/2021 9:52
8981352,17201W020PG,020G,29/09/2021 9:52
8981353,17201W020PG,020G,29/09/2021 9:52
8981354,17201W020PG,020G,29/09/2021 9:52
8981355,17201W020PG,020G,29/09/2021 9:52
8981356,17201W020PG,020G,29/09/2021 9:52
8981357,17201W020PG,020G,29/09/2021 9:52
8981358,17201W020PG,020G,29/09/2021 9:52
8981359,17201W020PG,020G,29/09/2021 9:52
